{
  "ا": 0.1474550373434477,
  "ل": 0.11270612504541767,
  "ي": 0.07461494028070839,
  "م": 0.05820636616471295,
  "و": 0.051299669290443245,
  "ن": 0.04726837440862128,
  "ر": 0.04596955729616668,
  "ت": 0.043264138679983785,
  "ة": 0.03310628825733353,
  "ب": 0.03212192074528233,
  "ع": 0.030185708599267665,
  "د": 0.028895795060230746,
  "س": 0.02493990996092725,
  "ف": 0.023033262719816608,
  "ق": 0.020372658509387166,
  "أ": 0.01886020752917453,
  "ه": 0.018733637413470852,
  "ح": 0.0175630436197775,
  "ك": 0.017188137199040037,
  "ج": 0.013309663518243996,
  "،": 0.010121524436183438,
  "ط": 0.009483165651962014,
  "ش": 0.009057009936439828,
  " ": 0.008764044562318234,
  "ص": 0.00871701353004364,
  "إ": 0.008489138392897288,
  "ى": 0.007698032542316198,
  "خ": 0.007564226883185658,
  ".": 0.0072505334563780985,
  "ز": 0.006806837478819077,
  "ض": 0.006251768992139434,
  "ذ": 0.0051084715825625805,
  "ئ": 0.004904445567551689,
  "ث": 0.0046706915513710125,
  "غ": 0.00401514093804417,
  "ء": 0.0035136866420029033,
  "\"": 0.0029981096920393326,
  "ظ": 0.002025900265254577,
  "ً": 0.001757377090598515,
  "2": 0.0016901591887016456,
  "0": 0.0015694382981657875,
  "”": 0.0013280928921602078,
  "1": 0.0013069867526763225,
  "ّ": 0.0012866071329217738,
  "ؤ": 0.0011735517668770774,
  "“": 0.001159970296018462,
  "آ": 0.0008519481711797022,
  ":": 0.0007778876395871438,
  "(": 0.0005630083094359619,
  ")": 0.0005567291032038401,
  "5": 0.0005511986571009323,
  "3": 0.0005458906149968009,
  "ُ": 0.0005421987086171118,
  "4": 0.0004911199235647868,
  "9": 0.0004646909150435184,
  "-": 0.0004329316240182411,
  "»": 0.0003864047074742074,
  "6": 0.0003785983271171539,
  "«": 0.00037051764849494286,
  "8": 0.0003599386316198096,
  "7": 0.0003573735721672545,
  "/": 0.0003497302880759705,
  "َ": 0.0003456306410318579,
  "ـ": 0.00034265042744825345,
  "N": 0.0002538889915365715,
  "ِ": 0.00022085458425164255,
  "؟": 0.0002045968519410839,
  ",": 0.00017476506223853584,
  "e": 0.00013688224778028022,
  "–": 0.00011918630294430053,
  "%": 0.00011314432764420692,
  "C": 0.00011308501991119986,
  "a": 0.00011166163431903057,
  "t": 0.00010263203196870663,
  "i": 0.00010071935757922915,
  "o": 9.459583414625084e-05,
  "ٍ": 8.517331806475516e-05,
  "r": 8.460989460118815e-05,
  "n": 8.263791247870361e-05,
  "s": 7.506876305367837e-05,
  "؛": 7.305230013143853e-05,
  "…": 7.178459733841276e-05,
  "P": 7.02277693469776e-05,
  "l": 6.0404926067684315e-05,
  "A": 4.86471679990359e-05,
  "ْ": 4.7490667205398346e-05,
  "h": 4.404340522436334e-05,
  "S": 4.355411642705515e-05,
  "c": 4.053683551032128e-05,
  "w": 3.9209824984288454e-05,
  "p": 3.7741958592363876e-05,
  "!": 3.6904236863639235e-05,
  "u": 3.434659087771004e-05,
  "d": 3.2930618752166635e-05,
  "T": 3.207807009019023e-05,
  "‏": 3.097346356293386e-05,
  "M": 2.7659643981164724e-05,
  "m": 2.7029499317964777e-05,
  "B": 2.5850758124449582e-05,
  "٢": 2.5761796524939003e-05,
  "ٌ": 2.5398536660270798e-05,
  "I": 2.43013435996403e-05,
  "E": 2.4130833867245023e-05,
  "g": 2.2929852273852183e-05,
  "٪": 2.2485044276299277e-05,
  "R": 2.219591907788989e-05,
  "y": 2.1751111080336988e-05,
  "O": 2.1350783882539375e-05,
  "٠": 2.0498235220562977e-05,
  "F": 2.029065815503829e-05,
  "D": 2.0149802289146535e-05,
  "G": 1.756250243671381e-05,
  "L": 1.7265963771678544e-05,
  "١": 1.69990789731468e-05,
  "b": 1.562758764735868e-05,
  "ی": 1.4352471387707023e-05,
  "+": 1.4330230987829379e-05,
  "'": 1.4093000055801164e-05,
  "k": 1.3551816992111797e-05,
  "H": 1.3299759126831819e-05,
  "f": 1.3107008994558894e-05,
  "v": 1.2558412464243645e-05,
  "V": 1.2298941132337786e-05,
  "W": 1.043074754261559e-05,
  "’": 8.985121550568653e-06,
  "U": 7.873101556686394e-06,
  "٣": 7.465360892262899e-06,
  "—": 7.42829355913349e-06,
  "K": 6.924177828573533e-06,
  "٥": 6.901937428695888e-06,
  "•": 6.8945239620700065e-06,
  "‘": 6.212485032488887e-06,
  "٤": 6.197658099237124e-06,
  "٩": 6.175417699359478e-06,
  "x": 5.745436635058339e-06,
  "″": 5.485965303152478e-06,
  "‎": 5.055984238851338e-06,
  "٧": 4.833580240074886e-06,
  "J": 4.826166773449005e-06,
  "٦": 4.803926373571359e-06,
  "z": 4.67789744093137e-06,
  "٨": 4.462906908780799e-06,
  "X": 3.803108379077326e-06,
  "Y": 3.232271448884433e-06,
  "ٔ": 2.691088385195067e-06,
  "‫": 2.4538574531668516e-06,
  "Z": 2.4316170532892063e-06,
  "ک": 2.261107320893927e-06,
  "Q": 2.1795591880092276e-06,
  "·": 2.172145721383346e-06,
  "‬": 2.1128379883762923e-06,
  "j": 1.6457895909457433e-06,
  "&": 1.4085586589175282e-06,
  "□": 1.2528758597740118e-06,
  "é": 1.223221993270485e-06,
  "ٕ": 1.2158085266446032e-06,
  "q": 1.141673860385786e-06,
  "ڤ": 9.78577594616388e-07,
  "ھ": 9.044429283575707e-07,
  "*": 8.006543955952265e-07,
  "$": 7.413466625881728e-07,
  "ٱ": 6.968658628328823e-07,
  "⁩": 6.375581298258285e-07,
  "ﻷ": 6.004907966964199e-07,
  "⁧": 5.782503968187748e-07,
  "‭": 5.782503968187748e-07,
  "️": 5.263561304376026e-07,
  "○": 5.189426638117209e-07,
  "×": 4.967022639340757e-07,
  "": 4.5222146417878533e-07,
  " ": 4.5222146417878533e-07,
  "چ": 4.373945309270219e-07,
  "گ": 4.2256759767525845e-07,
  "۲": 4.2256759767525845e-07,
  "‮": 4.1515413104937674e-07,
  "ٰ": 4.0032719779761327e-07,
  "′": 4.0032719779761327e-07,
  "ﻟ": 3.632598646682046e-07,
  "ڨ": 3.4101946479055944e-07,
  "ﺍ": 3.3360599816467773e-07,
  "и": 3.3360599816467773e-07,
  "ﺎ": 3.3360599816467773e-07,
  "?": 2.891251984093874e-07,
  "▪": 2.817117317835056e-07,
  "°": 2.5205786527997873e-07,
  "ے": 2.5205786527997873e-07,
  "ü": 2.5205786527997873e-07,
  "о": 2.5205786527997873e-07,
  "۰": 2.44644398654097e-07,
  "پ": 2.3723093202821526e-07,
  "›": 2.1499053215057008e-07,
  "™": 2.0016359889880663e-07,
  "ۡ": 2.0016359889880663e-07,
  "в": 1.853366656470432e-07,
  "è": 1.853366656470432e-07,
  "۱": 1.853366656470432e-07,
  "؜": 1.7792319902116146e-07,
  "ﺑ": 1.6309626576939799e-07,
  "ﻮ": 1.6309626576939799e-07,
  "ﺗ": 1.6309626576939799e-07,
  "ٓ": 1.6309626576939799e-07,
  "ﻹ": 1.6309626576939799e-07,
  "﴾": 1.5568279914351628e-07,
  "﴿": 1.5568279914351628e-07,
  "А": 1.5568279914351628e-07,
  "ﻻ": 1.4826933251763454e-07,
  "е": 1.4826933251763454e-07,
  "н": 1.4826933251763454e-07,
  "т": 1.4826933251763454e-07,
  "ﻭ": 1.408558658917528e-07,
  "ﻧ": 1.408558658917528e-07,
  "★": 1.334423992658711e-07,
  "ﻠ": 1.334423992658711e-07,
  "ﻣ": 1.334423992658711e-07,
  "❤": 1.2602893263998936e-07,
  "ﻴ": 1.2602893263998936e-07,
  "к": 1.2602893263998936e-07,
  "۹": 1.2602893263998936e-07,
  "ﺮ": 1.2602893263998936e-07,
  "ہ": 1.1861546601410763e-07,
  "с": 1.1861546601410763e-07,
  "а": 1.1861546601410763e-07,
  "à": 1.112019993882259e-07,
  "✱": 1.112019993882259e-07,
  "ﺳ": 1.112019993882259e-07,
  "ﻤ": 1.112019993882259e-07,
  "﻿": 1.112019993882259e-07,
  "‪": 1.112019993882259e-07,
  "ﺘ": 1.112019993882259e-07,
  "￼": 1.112019993882259e-07,
  "‹": 1.0378853276234418e-07,
  "л": 1.0378853276234418e-07,
  "ﺔ": 1.0378853276234418e-07,
  "р": 1.0378853276234418e-07,
  "ı": 9.637506613646245e-08,
  "❊": 9.637506613646245e-08,
  "®": 8.896159951058073e-08,
  "ﷺ": 8.896159951058073e-08,
  "ﺪ": 8.896159951058073e-08,
  "ﺩ": 8.896159951058073e-08,
  "й": 8.896159951058073e-08,
  "ç": 8.896159951058073e-08,
  "ø": 8.896159951058073e-08,
  "۳": 8.896159951058073e-08,
  "ﻌ": 8.154813288469899e-08,
  "М": 8.154813288469899e-08,
  "٫": 8.154813288469899e-08,
  "ﺴ": 8.154813288469899e-08,
  ">": 7.413466625881727e-08,
  "Р": 7.413466625881727e-08,
  "ﻓ": 7.413466625881727e-08,
  "Н": 7.413466625881727e-08,
  "С": 7.413466625881727e-08,
  "ö": 7.413466625881727e-08,
  "ﻋ": 7.413466625881727e-08,
  "←": 6.672119963293555e-08,
  "": 6.672119963293555e-08,
  "á": 6.672119963293555e-08,
  "д": 6.672119963293555e-08,
  ";": 5.9307733007053814e-08,
  "ۖ": 5.9307733007053814e-08,
  "β": 5.9307733007053814e-08,
  "⭕": 5.9307733007053814e-08,
  "г": 5.9307733007053814e-08,
  "ﺒ": 5.9307733007053814e-08,