{
  "e": 0.12050297795829375,
  "a": 0.11237425263091397,
  "o": 0.07780287489023907,
  "n": 0.06743060990489613,
  "s": 0.06700935192546197,
  "r": 0.06253665756149371,
  "i": 0.06131677832463669,
  "l": 0.051236928893971814,
  "d": 0.04802073612263465,
  "t": 0.042486993914206884,
  "c": 0.04061469699359801,
  "u": 0.03639894763357073,
  "m": 0.024299731753014225,
  "p": 0.023475913709490606,
  ",": 0.010732502519825738,
  "b": 0.010570930335880389,
  "g": 0.010219394394195152,
  "v": 0.009359912431205607,
  ".": 0.008474947832690078,
  "ó": 0.007783797551819057,
  "q": 0.007629489306209059,
  "y": 0.00743821400404751,
  "f": 0.006804914602442175,
  "h": 0.006736033298296882,
  " ": 0.005569431349901799,
  "í": 0.004598678294472006,
  "á": 0.00443666892905277,
  "E": 0.003997906875991062,
  "z": 0.003832526168821275,
  "j": 0.0037492851347260044,
  "C": 0.002933193433019733,
  "A": 0.002725187532145975,
  "L": 0.0026339595288162325,
  "é": 0.002535122886373651,
  "S": 0.0024026737144579972,
  "P": 0.0023555169666304677,
  "M": 0.0021951890684184885,
  "0": 0.0019983565171369545,
  "2": 0.001841299072643091,
  "ñ": 0.0017817162821539302,
  "x": 0.0016803490315644267,
  "1": 0.0014315927729227887,
  "D": 0.0013231465453907322,
  "ú": 0.0012703989190990723,
  "T": 0.001193740829120214,
  "R": 0.0011603637050561575,
  "N": 0.0011390174788600267,
  "G": 0.001083814910445771,
  "B": 0.0010662940221461505,
  "F": 0.0009539299760211847,
  "\"": 0.0009255215875545734,
  "I": 0.0008988367029754007,
  "“": 0.0008776165868198142,
  "”": 0.0008717314515944138,
  "U": 0.0008615585749905075,
  "J": 0.0008050024254744098,
  "3": 0.0006934707056170362,
  "V": 0.0006829447208996059,
  "4": 0.0006521318343266166,
  "H": 0.0006517787262130926,
  "5": 0.0006433461681686975,
  "O": 0.0006000315729097507,
  "k": 0.0005479901628451387,
  ":": 0.0005371278846862569,
  "(": 0.0004914003839848959,
  ")": 0.0004847501811801934,
  "9": 0.0004564931247622353,
  "6": 0.0004225190798396025,
  "8": 0.0004062172552652434,
  "7": 0.0004001471586470447,
  "Y": 0.000329727312007111,
  "-": 0.0003282728428728335,
  "%": 0.00025968579548881014,
  "«": 0.00023284957886098438,
  "»": 0.00023089066956452967,
  "w": 0.0002209616057056756,
  "?": 0.0002055929954313443,
  "¿": 0.0002046261517871714,
  "K": 0.00019499134468958733,
  "'": 0.0001765120200818301,
  "W": 0.00017544428840522177,
  "Q": 0.00016680154695991947,
  "’": 0.00011862751147199918,
  "Z": 0.00011014450941138635,
  ";": 0.00011009406539516863,
  "‘": 0.00010464611164365512,
  "X": 0.00010341864058235733,
  "Á": 0.00010091325444354403,
  "/": 6.390416121181189e-05,
  "$": 6.00451939711565e-05,
  "…": 5.3848987312413524e-05,
  "!": 3.99684755165049e-05,
  "–": 3.8429933021864515e-05,
  "¡": 3.6529875077663816e-05,
  "—": 3.0039411657650823e-05,
  "°": 2.591981699987055e-05,
  "ü": 2.3347172172766955e-05,
  "º": 1.7226631538350557e-05,
  "É": 1.6411119942830786e-05,
  "+": 1.4822133431972683e-05,
  "Ó": 1.4149546549069782e-05,
  "è": 1.1265830288623594e-05,
  "à": 9.348957672350326e-06,
  "&": 8.920183534499726e-06,
  "ç": 8.356892020068546e-06,
  "́": 6.944459565972454e-06,
  "Í": 6.868793541645877e-06,
  "€": 6.288687355142126e-06,
  "Ú": 6.229836002888122e-06,
  "ª": 5.330251047005492e-06,
  "´": 4.2541120343608495e-06,
  "•": 3.926225928945685e-06,
  "ã": 3.606747159566807e-06,
  "ö": 3.0602703172082002e-06,
  "¢": 3.0602703172082002e-06,
  "″": 2.9341602766639062e-06,
  "贸": 2.068204664926421e-06,
  "ò": 1.8327992559104056e-06,
  "*": 1.8075772478015469e-06,
  "®": 1.6058011829306764e-06,
  "Ñ": 1.5805791748218176e-06,
  "ë": 1.5721718387855314e-06,
  "′": 1.563764502749245e-06,
  "ï": 1.3451737658058022e-06,
  " ": 1.1854343811163633e-06,
  "×": 1.1686197090437907e-06,
  "️": 1.1686197090437907e-06,
  "`": 1.1097683567897868e-06,
  "·": 1.0593243405720693e-06,
  "À": 1.0256949964269241e-06,
  "²": 8.491409396649127e-07,
  "ä": 8.239189315560539e-07,
  "¨": 6.9780889101176e-07,
  "谩": 6.894015549754737e-07,
  "͏": 6.389575387577561e-07,
  "̃": 6.305502027214698e-07,
  "铆": 6.05328194612611e-07,
  "ê": 5.632915144311797e-07,
  ">": 5.044401621771759e-07,
  "Ö": 4.960328261408896e-07,
  "£": 4.79218154068317e-07,
  "ô": 4.79218154068317e-07,
  "―": 4.708108180320308e-07,
  "â": 4.45588809923172e-07,
  "ø": 4.035521297417407e-07,
  "ć": 4.035521297417407e-07,
  "】": 3.8673745766916817e-07,
  "³": 3.699227855965956e-07,
  "ı": 3.699227855965956e-07,
  "【": 3.699227855965956e-07,
  "✅": 3.6151544956030936e-07,
  "ğ": 3.6151544956030936e-07,
  "™": 3.278861054151643e-07,
  "Ü": 3.110714333425918e-07,
  "−": 2.85849425233733e-07,
  "茅": 2.774420891974467e-07,
  "ì": 2.774420891974467e-07,
  "₂": 2.606274171248742e-07,
  "Ç": 2.1859073694344287e-07,
  "î": 2.1859073694344287e-07,
  "č": 2.1859073694344287e-07,
  "➡": 2.0177606487087035e-07,
  "⁠": 1.9336872883458409e-07,
  "ō": 1.9336872883458409e-07,
  "帽": 1.7655405676201154e-07,
  "✔": 1.6814672072572528e-07,
  "✰": 1.6814672072572528e-07,
  "❤": 1.5973938468943901e-07,
  "å": 1.5973938468943901e-07,
  "煤": 1.5973938468943901e-07,
  "š": 1.5973938468943901e-07,
  "Š": 1.5133204865315275e-07,
  "Ş": 1.429247126168665e-07,
  "₡": 1.429247126168665e-07,
  "ş": 1.3451737658058023e-07,
  "ȼ": 1.3451737658058023e-07,
  "±": 1.2611004054429397e-07,
  "▶": 1.177027045080077e-07,
  "Î": 1.177027045080077e-07,
  "Ò": 1.177027045080077e-07,
  "е": 1.0929536847172143e-07,
  "і": 1.0929536847172143e-07,
  "ū": 1.0088803243543517e-07,
  "ă": 1.0088803243543517e-07,
  "ﬁ": 1.0088803243543517e-07,
  "а": 1.0088803243543517e-07,
  "ð": 9.24806963991489e-08,
  "─": 9.24806963991489e-08,
  "ù": 9.24806963991489e-08,
  "﻿": 9.24806963991489e-08,
  "▪": 8.407336036286264e-08,
  "☀": 8.407336036286264e-08,
  "➤": 8.407336036286264e-08,
  "⚽": 8.407336036286264e-08,
  "ł": 8.407336036286264e-08,
  "ž": 8.407336036286264e-08,
  "о": 8.407336036286264e-08,
  "‎": 8.407336036286264e-08,
  "~": 7.566602432657638e-08,
  "‑": 7.566602432657638e-08,
  "û": 7.566602432657638e-08,
  "❌": 6.725868829029012e-08,
  "½": 6.725868829029012e-08,
  "μ": 6.725868829029012e-08,
  "ę": 6.725868829029012e-08,
  "ß": 6.725868829029012e-08,
  "ý": 6.725868829029012e-08,
  "ā": 6.725868829029012e-08,
  "β": 5.885135225400385e-08,
  "Ø": 5.885135225400385e-08,
  "ē": 5.885135225400385e-08,
  "⚠": 5.885135225400385e-08,
  "ė": 5.885135225400385e-08,
  "<": 5.044401621771759e-08,
  "": 5.044401621771759e-08,
  "★": 5.044401621771759e-08,
  "Ž": 5.044401621771759e-08,
  "⭕": 5.044401621771759e-08,
  "ń": 5.044401621771759e-08,
  "✨": 5.044401621771759e-08,
  "õ": 5.044401621771759e-08,
  "æ": 5.044401621771759e-08,
  "Å": 5.044401621771759e-08,
  "˜": 5.044401621771759e-08,
  "¼": 4.203668018143132e-08,
  "̀": 4.203668018143132e-08,
  "ņ": 4.203668018143132e-08,
  "µ": 4.203668018143132e-08,
  "⁣": 4.203668018143132e-08,
  "⃣": 4.203668018143132e-08,
  "聽": 4.203668018143132e-08,
  "，": 4.203668018143132e-08,
  "♦": 3.362934414514506e-08,
  "⁃": 3.362934414514506e-08,
  "→": 3.362934414514506e-08,
  "✈": 3.362934414514506e-08,
  "†": 3.362934414514506e-08,
  "ś": 3.362934414514506e-08,
  "˚": 3.362934414514506e-08,
  "ầ": 3.362934414514506e-08,
  "¾": 3.362934414514506e-08,
  "⁦": 3.362934414514506e-08,
  "❄": 3.362934414514506e-08,
  "❗": 3.362934414514506e-08,
  "¬": 3.362934414514506e-08,
  "Č": 3.362934414514506e-08,
  "ī": 3.362934414514506e-08,
  "ě": 3.362934414514506e-08,
  "ə": 3.362934414514506e-08,
  "‬": 3.362934414514506e-08,
  "Ÿ": 3.362934414514506e-08,
  "⚡": 3.362934414514506e-08,
  "｡": 3.362934414514506e-08,
  "◕": 3.362934414514506e-08,
  "ّ": 2.5222008108858793e-08,
  "➝": 2.5222008108858793e-08,
  "ģ": 2.5222008108858793e-08,
  "‼": 2.5222008108858793e-08,
  "⁩": 2.5222008108858793e-08,
  "✓": 2.5222008108858793e-08,
  "ー": 2.5222008108858793e-08,
  "卯": 2.5222008108858793e-08,
  "ș": 2.5222008108858793e-08,
  "γ": 2.5222008108858793e-08,
  "Ä": 2.5222008108858793e-08,
  "│": 2.5222008108858793e-08,