{
  "e": 0.13236600769784623,
  "a": 0.07271140953405136,
  "s": 0.07268247253103838,
  "n": 0.0697231571746838,
  "i": 0.06663863671470935,
  "r": 0.0647282193587381,
  "t": 0.0631870434413434,
  "u": 0.05256518328649622,
  "o": 0.05118466478009476,
  "l": 0.04881282055757107,
  "d": 0.03706084267475703,
  "c": 0.029477198117780427,
  "p": 0.026146255835145713,
  "m": 0.024471058881313568,
  "é": 0.02373207627748736,
  "v": 0.012752628687232079,
  ",": 0.010837638360761868,
  "f": 0.00944339151405839,
  ".": 0.009312406552880034,
  "g": 0.009256012869263006,
  "q": 0.00826943927093763,
  "b": 0.007684400768836087,
  "’": 0.007398726830326021,
  "h": 0.007002933876440054,
  "à": 0.00414785396104623,
  " ": 0.004057007423402014,
  "x": 0.00387865214513756,
  "L": 0.0037908888267782063,
  "j": 0.003230582080591637,
  "è": 0.003199438737172971,
  "'": 0.0031004645694873096,
  "C": 0.0029694418930883435,
  "y": 0.0027707675397202797,
  "2": 0.0023535900557484705,
  "0": 0.0022919539564666596,
  "A": 0.0022804791005960824,
  "-": 0.0022603580304006742,
  "M": 0.0021117789188077763,
  "S": 0.002075506305386157,
  "P": 0.001924975431126694,
  "D": 0.0016947428669132545,
  "1": 0.0016522943861167557,
  "B": 0.0015151146999532153,
  "E": 0.0014780312092884818,
  "I": 0.0013106039161957614,
  "ê": 0.0012760662029221998,
  "k": 0.001231760247510661,
  "F": 0.0011312114693645345,
  "T": 0.0011283356837930257,
  "R": 0.0010830302750353233,
  "N": 0.001059524263790172,
  "z": 0.0010288335030188252,
  "J": 0.0010282866323199809,
  "«": 0.0009990479075421173,
  "\"": 0.0009821986327346222,
  "»": 0.0009534030617989254,
  "G": 0.0009228725907151708,
  "3": 0.0008039282137165411,
  "O": 0.0007795358947870559,
  "U": 0.0007780932875987253,
  "4": 0.0007355599475558543,
  "5": 0.000699598484704267,
  "(": 0.0006719343703868686,
  ")": 0.0006591111953794857,
  "V": 0.0006521338795666449,
  "H": 0.0006063853169667756,
  "9": 0.0005245150018277267,
  "ô": 0.0005065625568173906,
  "ç": 0.0005033756206758498,
  ":": 0.00046735758499334755,
  "6": 0.0004669710039820956,
  "7": 0.00046324662594686303,
  "w": 0.000444389015641888,
  "8": 0.00043181098956846973,
  "K": 0.00041383025814267603,
  "”": 0.00033798494949606667,
  "â": 0.00033738150596630747,
  "W": 0.0003150446665600646,
  "“": 0.0003099342541674164,
  "î": 0.00026289394526165627,
  "É": 0.0002569443692104367,
  "Q": 0.00024090597164605544,
  "%": 0.000238209333372444,
  "û": 0.00023374007973016496,
  "<": 0.00020442592451108132,
  ">": 0.00019084844509149933,
  "ù": 0.00018706749422535185,
  "/": 0.00016573010816527266,
  "…": 0.00016300518347620377,
  "Y": 0.00015208662710962327,
  "À": 0.0001458070428780666,
  "œ": 0.00012857118705931946,
  "ï": 0.0001198683999035735,
  "Z": 0.00010873298101848577,
  "ë": 0.00010439573064834152,
  "X": 9.437291077124732e-05,
  "?": 9.433519555063737e-05,
  "–": 8.201174721633621e-05,
  "€": 7.371439868214722e-05,
  "!": 6.559619744585548e-05,
  "™": 4.74174611118596e-05,
  "́": 3.9204971824043e-05,
  "$": 3.4273706729292034e-05,
  "Ç": 3.046446944768709e-05,
  ";": 2.8899287792374166e-05,
  "+": 2.8569279612037104e-05,
  "°": 2.012107019540831e-05,
  "‘": 1.7943016205183697e-05,
  "&": 1.7301857454814548e-05,
  "—": 1.6302404108650874e-05,
  "ü": 1.2804317397078016e-05,
  "̀": 1.184257927152429e-05,
  "Î": 1.0701693848073304e-05,
  "ö": 7.778764250802182e-06,
  "á": 7.024459838603182e-06,
  " ": 5.883574415152196e-06,
  "ᵉ": 5.1952716390206085e-06,
  "ä": 4.469253642279072e-06,
  "̂": 4.290106344381809e-06,
  "²": 4.271248734076834e-06,
  "ó": 3.7998084764524594e-06,
  "·": 3.2906529982181348e-06,
  "ñ": 3.2623665827606724e-06,
  "í": 3.252937777608185e-06,
  "*": 3.2057937518457477e-06,
  "Ê": 2.9889312333385353e-06,
  "´": 2.715495883916398e-06,
  "ʳ": 1.8669034201925236e-06,
  "•": 1.7160425377527237e-06,
  "ã": 1.6877561222952611e-06,
  "Å": 1.338890331653224e-06,
  "️": 1.282317500738299e-06,
  "″": 1.1125990079935242e-06,
  "È": 9.994533461636742e-07,
  "Ö": 9.900245410111868e-07,
  "̧": 8.674500740288493e-07,
  "ø": 8.391636585713869e-07,
  "¦": 8.108772431139244e-07,
  "ú": 7.448756070465119e-07,
  "Œ": 7.07160386436562e-07,
  "˜": 6.411587503691495e-07,
  "Š": 6.223011400641746e-07,
  "′": 6.128723349116871e-07,
  "ć": 5.845859194542245e-07,
  "×": 5.562995039967621e-07,
  "³": 5.562995039967621e-07,
  "Á": 5.562995039967621e-07,
  "‹": 5.185842833868122e-07,
  "ō": 5.185842833868122e-07,
  "ð": 4.997266730818371e-07,
  "›": 4.902978679293496e-07,
  "æ": 4.3372503701442466e-07,
  "̈": 4.242962318619372e-07,
  "₂": 4.148674267094497e-07,
  "Ÿ": 4.054386215569622e-07,
  "‚": 3.865810112519872e-07,
  "▪": 3.865810112519872e-07,
  "‑": 3.865810112519872e-07,
  "č": 3.6772340094701223e-07,
  "å": 3.5829459579452475e-07,
  "µ": 3.3000818033706225e-07,
  "Ô": 3.2057937518457476e-07,
  "ğ": 3.111505700320873e-07,
  "ÿ": 2.9229295972711226e-07,
  "е": 2.9229295972711226e-07,
  "‰": 2.734353494221373e-07,
  "ا": 2.640065442696498e-07,
  "ł": 2.451489339646748e-07,
  "ı": 2.451489339646748e-07,
  "®": 2.451489339646748e-07,
  "―": 2.1686251850721233e-07,
  "Ï": 2.1686251850721233e-07,
  "ل": 1.9800490820223734e-07,
  "ā": 1.8857610304974986e-07,
  "ي": 1.8857610304974986e-07,
  "م": 1.7914729789726237e-07,
  "о": 1.6971849274477486e-07,
  "‒": 1.6028968759228738e-07,
  "š": 1.6028968759228738e-07,
  "ن": 1.6028968759228738e-07,
  "і": 1.6028968759228738e-07,
  "ò": 1.5086088243979987e-07,
  "С": 1.5086088243979987e-07,
  "ì": 1.414320772873124e-07,
  "ń": 1.320032721348249e-07,
  "¬": 1.320032721348249e-07,
  "و": 1.320032721348249e-07,
  "а": 1.320032721348249e-07,
  "`": 1.225744669823374e-07,
  "£": 1.1314566182984992e-07,
  "⁄": 1.1314566182984992e-07,
  "ر": 1.1314566182984992e-07,
  "ū": 1.0371685667736242e-07,
  "с": 1.0371685667736242e-07,
  "Ó": 9.428805152487493e-08,
  "ī": 9.428805152487493e-08,
  "İ": 9.428805152487493e-08,
  "ب": 9.428805152487493e-08,
  "ѕ": 9.428805152487493e-08,
  "р": 9.428805152487493e-08,
  "¯": 8.485924637238743e-08,
  "¢": 8.485924637238743e-08,
  "├": 8.485924637238743e-08,
  "ß": 8.485924637238743e-08,
  "▶": 7.543044121989994e-08,
  "ž": 7.543044121989994e-08,
  "Ü": 7.543044121989994e-08,
  "„": 6.600163606741245e-08,
  "¤": 6.600163606741245e-08,
  "ɛ": 6.600163606741245e-08,
  "ﬂ": 6.600163606741245e-08,
  "ع": 6.600163606741245e-08,
  "Е": 6.600163606741245e-08,
  "ة": 6.600163606741245e-08,
  "⁠": 6.600163606741245e-08,
  "♦": 5.657283091492496e-08,
  "ă": 5.657283091492496e-08,
  "̃": 5.657283091492496e-08,
  "Ø": 5.657283091492496e-08,
  "⁦": 5.657283091492496e-08,
  "Ś": 5.657283091492496e-08,
  "ę": 5.657283091492496e-08,
  "º": 5.657283091492496e-08,
  "ت": 5.657283091492496e-08,
  "ș": 5.657283091492496e-08,
  "⚠": 5.657283091492496e-08,
  "н": 5.657283091492496e-08,
  "ف": 5.657283091492496e-08,
  "−": 4.7144025762437464e-08,
  "¾": 4.7144025762437464e-08,
  "õ": 4.7144025762437464e-08,
  "½": 4.7144025762437464e-08,
  "س": 4.7144025762437464e-08,
  "ė": 4.7144025762437464e-08,
  "ط": 4.7144025762437464e-08,
  "ك": 4.7144025762437464e-08,
  "☆": 4.7144025762437464e-08,
  "±": 3.771522060994997e-08,
  "¿": 3.771522060994997e-08,
  "⁩": 3.771522060994997e-08,
  "⛈": 3.771522060994997e-08,
  "➡": 3.771522060994997e-08,
  "ą": 3.771522060994997e-08,
  "ŏ": 3.771522060994997e-08,
  "Ş": 3.771522060994997e-08,
  "خ": 3.771522060994997e-08,
  "♾": 3.771522060994997e-08,
  "ş": 3.771522060994997e-08,
  "█": 3.771522060994997e-08,
  "Æ": 3.771522060994997e-08,
  "ý": 3.771522060994997e-08,
  "‐": 3.771522060994997e-08,
  "ʼ": 3.771522060994997e-08,
  "Ú": 3.771522060994997e-08,
  "ز": 3.771522060994997e-08,
  "ق": 3.771522060994997e-08,
  "★": 3.771522060994997e-08,
  "~": 2.828641545746248e-08,
  "ŋ": 2.828641545746248e-08,
  "¼": 2.828641545746248e-08,
  "˗": 2.828641545746248e-08,
  "Ω": 2.828641545746248e-08,
  "": 2.828641545746248e-08,
  "إ": 2.828641545746248e-08,
  "❌": 2.828641545746248e-08,
  "℅": 2.828641545746248e-08,