{
  "ा": 0.08030822636121263,
  "क": 0.06602418755104467,
  "र": 0.06339922134525316,
  "े": 0.06285499466246554,
  "ी": 0.04210819155784206,
  "न": 0.039735459331560447,
  "स": 0.03936636608148082,
  "्": 0.03887874575798586,
  "ि": 0.037185600789509596,
  "ं": 0.03670332308868946,
  "ह": 0.035047675416393836,
  "म": 0.031932926396977104,
  "ल": 0.028970894409310027,
  "त": 0.02629243130715829,
  "ो": 0.02569190921137123,
  "प": 0.023279503064856273,
  "य": 0.02092612017836784,
  "द": 0.018179036882866303,
  "ज": 0.01688051102836045,
  "व": 0.016782577079911275,
  "ब": 0.016509241154228117,
  "ग": 0.014460147483522956,
  "ै": 0.01408572574469093,
  "ु": 0.012577240472633843,
  "ट": 0.012415152650319635,
  ".": 0.01042967576442754,
  "श": 0.009264955753473185,
  "ए": 0.008703457417488139,
  "ड": 0.007922572337697624,
  "च": 0.007389850667759991,
  "अ": 0.0072115653703523,
  "इ": 0.006663225716140408,
  "भ": 0.006450298174880944,
  "ू": 0.006220127248268905,
  "आ": 0.005877181754666541,
  "थ": 0.005619675822093944,
  " ": 0.005571238869960112,
  "फ": 0.005211530544367456,
  "ख": 0.005112974703331795,
  "उ": 0.0047293235131594166,
  ",": 0.004494361186846949,
  "ध": 0.00399645136783013,
  "ई": 0.003975335287734435,
  "।": 0.003482471279021607,
  "औ": 0.0034698496863004185,
  "़": 0.0031917506287616726,
  "ष": 0.002906259529797192,
  "2": 0.0024443629451068984,
  "0": 0.002184623852791919,
  "ॉ": 0.0019958229171036404,
  "a": 0.0019873001618842937,
  "1": 0.0019560924611806167,
  "ौ": 0.0019141429794376304,
  "ण": 0.0017649876961378548,
  "छ": 0.0017511929878557947,
  "-": 0.0015181104732252062,
  "e": 0.0014889945930397104,
  "i": 0.0014026787288198932,
  "n": 0.0011680132148782487,
  "r": 0.0011351518452514147,
  "घ": 0.001063139510520783,
  "o": 0.0010231687779166168,
  "ठ": 0.0009721311840574782,
  ")": 0.000968569435607602,
  "(": 0.0009671701772880079,
  "t": 0.0009500115954699535,
  "ओ": 0.0009190724392922591,
  "5": 0.0009038784726906048,
  "s": 0.0008521341827104589,
  "3": 0.0008068914970435792,
  "'": 0.0007971956262633606,
  "4": 0.0007430485694717904,
  "l": 0.0007123355560528184,
  "ढ": 0.0007103709408364184,
  "9": 0.0006778063835804074,
  "ऐ": 0.0006548528935700943,
  "h": 0.0006098787524291973,
  "6": 0.0005628834603822197,
  "d": 0.0005567352041294572,
  "7": 0.0005474350831770027,
  "झ": 0.0005453856644260819,
  "8": 0.0005358311328700648,
  "u": 0.0005025598794930467,
  "ृ": 0.0004831681379326097,
  "ऑ": 0.00048157100469913347,
  "S": 0.0004808643085781263,
  "P": 0.00045894259490448353,
  ":": 0.00043675233670485805,
  "C": 0.0004164136223422714,
  "?": 0.0004142935339792498,
  "c": 0.0004116646244091031,
  "A": 0.000409883750184165,
  "m": 0.0003973610949199178,
  "M": 0.0003612913249037112,
  "I": 0.00034982871382097477,
  "R": 0.00029736359379740164,
  "p": 0.0002941127916407686,
  "B": 0.00029132840892400033,
  "y": 0.00028006367275514585,
  "T": 0.00026499691145527273,
  "k": 0.00025058031058672624,
  "g": 0.00023709654859790924,
  "G": 0.00023138644394017123,
  "D": 0.00022426294704041883,
  "ऊ": 0.00021189576492279316,
  "N": 0.00021101946173274425,
  "’": 0.00021092052427580327,
  "‘": 0.00020919618574054573,
  "E": 0.00020570510690277026,
  "L": 0.00015571342330272228,
  "v": 0.0001540314865347252,
  "U": 0.00015039906847274826,
  "b": 0.00014948036351543893,
  "F": 0.0001483355157994073,
  "w": 0.00013774920790671973,
  "O": 0.00013743826161347658,
  "ञ": 0.00013325462057711405,
  "H": 0.00012220189324456174,
  "K": 0.00011523386949143095,
  "!": 0.00011516319987933022,
  "f": 0.00011209613871415906,
  "W": 0.00011089475530844685,
  "V": 0.00011038593410132168,
  "J": 9.72696540954284e-05,
  "ऋ": 8.820980982411634e-05,
  "j": 7.059894248861739e-05,
  "x": 6.179350882086791e-05,
  "\"": 5.731305541368238e-05,
  "ँ": 5.403398541220906e-05,
  "z": 5.3412092825722745e-05,
  "%": 3.978699161270429e-05,
  "”": 3.625351100766839e-05,
  "/": 3.5857761179904364e-05,
  "Y": 3.236668234212889e-05,
  "“": 2.723606850361676e-05,
  "Q": 2.5200783675116075e-05,
  "X": 2.3688453976160708e-05,
  "…": 1.8006617163262973e-05,
  "+": 1.705964436111335e-05,
  "Z": 1.4911288153251521e-05,
  "ः": 1.3724038669959456e-05,
  "–": 1.1561548539677482e-05,
  ";": 8.70649621080847e-06,
  "q": 8.70649621080847e-06,
  "ऩ": 7.872594788019998e-06,
  "&": 6.1482562527624755e-06,
  "—": 5.38502444207472e-06,
  "ऱ": 3.2649360790531763e-06,
  "ङ": 2.7278470270877187e-06,
  "₹": 2.120088363021543e-06,
  "ॅ": 1.823275992198527e-06,
  "$": 1.7808742249380962e-06,
  "॥": 1.4416600868546494e-06,
  "′": 1.1731155608719206e-06,
  "*": 1.0741781039309152e-06,
  "Ó": 1.0741781039309152e-06,
  "•": 1.0176424142503407e-06,
  "ॐ": 9.045710348891917e-07,
  "": 7.490978882676119e-07,
  "×": 4.3815159502445226e-07,
  "➤": 3.6748198292373416e-07,
  "०": 3.5334806050359055e-07,
  "": 3.250802156633033e-07,
  "é": 3.1094629324315967e-07,
  "ळ": 2.9681237082301606e-07,
  "º": 2.544106035625852e-07,
  "️": 2.2614275872229793e-07,
  "°": 2.2614275872229793e-07,
  "२": 2.2614275872229793e-07,
  "‎": 2.2614275872229793e-07,
  ">": 1.978749138820107e-07,
  "á": 1.978749138820107e-07,
  "❤": 1.978749138820107e-07,
  "£": 1.8374099146186708e-07,
  "ć": 1.413392242014362e-07,
  "ॄ": 1.413392242014362e-07,
  "♦": 1.1307137936114897e-07,
  "": 1.1307137936114897e-07,
  "í": 1.1307137936114897e-07,
  "६": 9.893745694100534e-08,
  "Ž": 8.480353452086172e-08,
  "²": 8.480353452086172e-08,
  "⁰": 8.480353452086172e-08,
  "ï": 8.480353452086172e-08,
  "३": 8.480353452086172e-08,
  "५": 8.480353452086172e-08,
  "·": 7.06696121007181e-08,
  "ऺ": 7.06696121007181e-08,
  "½": 7.06696121007181e-08,
  "ó": 7.06696121007181e-08,
  "ā": 7.06696121007181e-08,
  "ë": 7.06696121007181e-08,
  "š": 7.06696121007181e-08,
  "ऍ": 7.06696121007181e-08,
  "Þ": 7.06696121007181e-08,
  "४": 7.06696121007181e-08,
  "~": 5.6535689680574483e-08,
  "ü": 5.6535689680574483e-08,
  "μ": 5.6535689680574483e-08,
  "७": 5.6535689680574483e-08,
  "ી": 5.6535689680574483e-08,
  "€": 4.240176726043086e-08,
  "`": 4.240176726043086e-08,
  "М": 4.240176726043086e-08,
  "™": 4.240176726043086e-08,
  "ä": 4.240176726043086e-08,
  "（": 4.240176726043086e-08,
  "ö": 4.240176726043086e-08,
  "‚": 4.240176726043086e-08,
  "ऽ": 4.240176726043086e-08,
  "१": 4.240176726043086e-08,
  "±": 2.8267844840287242e-08,
  "С": 2.8267844840287242e-08,
  "Ý": 2.8267844840287242e-08,
  "⃣": 2.8267844840287242e-08,
  "ç": 2.8267844840287242e-08,
  "ã": 2.8267844840287242e-08,
  "ô": 2.8267844840287242e-08,
  "ń": 2.8267844840287242e-08,
  "ł": 2.8267844840287242e-08,
  "″": 2.8267844840287242e-08,
  "Ò": 2.8267844840287242e-08,
  "ॢ": 2.8267844840287242e-08,
  "ॆ": 2.8267844840287242e-08,
  "−": 2.8267844840287242e-08,
  "८": 2.8267844840287242e-08,
  "ક": 2.8267844840287242e-08,
  "ો": 2.8267844840287242e-08,
  "જ": 2.8267844840287242e-08,
  "વ": 2.8267844840287242e-08,
  "ુ": 2.8267844840287242e-08,
  "દ": 2.8267844840287242e-08,
  "્": 2.8267844840287242e-08,
  "ધ": 2.8267844840287242e-08,
  "િ": 2.8267844840287242e-08,
  "થ": 2.8267844840287242e-08,
  "ṁ": 1.4133922420143621e-08,
  "Ṇ": 1.4133922420143621e-08,
  "℅": 1.4133922420143621e-08,
  "‑": 1.4133922420143621e-08,
  "è": 1.4133922420143621e-08,
  "́": 1.4133922420143621e-08,
  "̈": 1.4133922420143621e-08,
  "ʻ": 1.4133922420143621e-08,
  "ř": 1.4133922420143621e-08,
  "₃": 1.4133922420143621e-08,
  "Ā": 1.4133922420143621e-08,
  "ñ": 1.4133922420143621e-08,
  "ĭ": 1.4133922420143621e-08,
  "æ": 1.4133922420143621e-08,
  "å": 1.4133922420143621e-08,
  "č": 1.4133922420143621e-08,
  "Ğ": 1.4133922420143621e-08,
  "ǐ": 1.4133922420143621e-08,
  "ù": 1.4133922420143621e-08,
  "¥": 1.4133922420143621e-08,
  "Ö": 1.4133922420143621e-08,
  "Ø": 1.4133922420143621e-08,
  "à": 1.4133922420143621e-08,
  "Ł": 1.4133922420143621e-08,
  "Ş": 1.4133922420143621e-08,
  "ǔ": 1.4133922420143621e-08,
  "ॠ": 1.4133922420143621e-08,
  "ર": 1.4133922420143621e-08,
  "ા": 1.4133922420143621e-08,