{
  "о": 0.10090891872188051,
  "е": 0.07813797739421449,
  "а": 0.07445813589321232,
  "и": 0.07301375231235006,
  "н": 0.06171413716935217,
  "т": 0.059956588818144925,
  "с": 0.05044216568082559,
  "р": 0.049619664205583974,
  "в": 0.04061639047181511,
  "л": 0.03831555947173408,
  "к": 0.030295643140845253,
  "д": 0.02768835013986024,
  "м": 0.027048846917092813,
  "п": 0.02550538670806252,
  "у": 0.022366224736355626,
  "я": 0.017612327666106643,
  "ы": 0.01738801674663759,
  "б": 0.014687190602902729,
  "з": 0.014369272768064196,
  "г": 0.014303214656655062,
  "ь": 0.013926289265055243,
  ",": 0.012690292256766825,
  "ч": 0.011996597775405625,
  "й": 0.011822968645624916,
  ".": 0.010565493266077435,
  "ж": 0.008551700990045418,
  "х": 0.008025438738415696,
  "ю": 0.005707039315916194,
  "ц": 0.005295430254142881,
  "ш": 0.00498513207701794,
  " ": 0.0033259542446193832,
  "щ": 0.0033227609440838113,
  "э": 0.0026846067063611137,
  "В": 0.0026587335947610142,
  "ф": 0.002644548173900023,
  "П": 0.0024760515106566866,
  "С": 0.0024653755587011263,
  "-": 0.0023976628328230658,
  "2": 0.002109211890055358,
  "\"": 0.0019752618906919103,
  "0": 0.001905409758844473,
  "К": 0.0018541588660903859,
  "1": 0.0017186807196059547,
  "Р": 0.0016937034183871214,
  "Н": 0.0016853460344771912,
  "О": 0.0016373095201500003,
  "А": 0.0015562334111725808,
  "М": 0.0015196105749972872,
  "«": 0.0012948886366474215,
  "»": 0.0012700061859395458,
  "Т": 0.0011498411275019352,
  "У": 0.0011135344596965003,
  "Д": 0.0010884201521840617,
  "И": 0.001016449692258571,
  "Б": 0.0009720385752390928,
  "3": 0.0007873013967306841,
  "Г": 0.000786869299958544,
  "—": 0.0007827380332590577,
  "5": 0.0007505204763704613,
  "4": 0.0007113999100732845,
  "e": 0.0006396191511697091,
  "Е": 0.0005882839468503264,
  "З": 0.0005742671491199264,
  "a": 0.0005505123655978798,
  "Л": 0.0005490896079335159,
  "Э": 0.0005486048164330661,
  "Ф": 0.000545095347527635,
  "6": 0.000473715068559214,
  "9": 0.0004715440457528513,
  "7": 0.0004365652851008227,
  "8": 0.00043557462420859897,
  "(": 0.0004355219294802892,
  ":": 0.00042635304675438837,
  ")": 0.000425267535351207,
  "i": 0.0004173527871590788,
  "r": 0.0004172157808654734,
  "o": 0.0004141278697865206,
  "–": 0.0003944200413986648,
  "ъ": 0.0003753023939678785,
  "Ш": 0.00035111551367369184,
  "Ч": 0.00034811191416003463,
  "t": 0.0003277295932498137,
  "n": 0.0003272869575320116,
  "Х": 0.0003082957774491688,
  "s": 0.0002910013676179007,
  "l": 0.0002904111866608312,
  "ё": 0.0002240790626644866,
  "%": 0.00021128478263087325,
  "u": 0.00019853265837990774,
  "Я": 0.0001957609156708136,
  "T": 0.00019422222960416817,
  "S": 0.00018344088819198824,
  "Ц": 0.00017058337448440315,
  "m": 0.00016212060111785333,
  "A": 0.0001601076624964199,
  "?": 0.00015200321328237654,
  "d": 0.0001415485791857172,
  "I": 0.00013636341792003538,
  "Ж": 0.0001352568286255301,
  "c": 0.0001321899954379012,
  "h": 0.00013157873658950782,
  "g": 0.0001311361008717057,
  "p": 0.00011682421266277085,
  "P": 0.00011578085704223732,
  "C": 0.00011374684052948,
  "M": 0.00010263879180177946,
  "Ю": 9.84653693196453e-05,
  "R": 9.550392558863595e-05,
  "B": 9.262679342292224e-05,
  "F": 9.156235991106479e-05,
  "/": 8.694630171112851e-05,
  "!": 8.673552279788941e-05,
  "k": 8.52389925138918e-05,
  "E": 8.490174625270925e-05,
  "D": 8.001167546556214e-05,
  "y": 7.79144252788331e-05,
  "b": 7.650220656013114e-05,
  "N": 7.40044764382478e-05,
  "G": 6.755464169313137e-05,
  "L": 6.20006173292811e-05,
  "V": 5.891270625032829e-05,
  "O": 5.792204535810452e-05,
  "W": 5.644659296543083e-05,
  "+": 5.3632694473688847e-05,
  "w": 5.146167166732612e-05,
  "v": 4.503291481353359e-05,
  "f": 4.33466835076208e-05,
  "№": 4.228224999576334e-05,
  "H": 4.195554268024274e-05,
  "X": 4.0037454569766936e-05,
  "U": 3.9015176840557306e-05,
  "z": 3.685469297985653e-05,
  "“": 3.514738378261983e-05,
  "°": 3.310282832420057e-05,
  "K": 3.157468120321709e-05,
  "x": 3.067887082195092e-05,
  "Y": 2.6842694600999312e-05,
  "…": 2.5830955817451634e-05,
  "Й": 2.2500648988273862e-05,
  "J": 2.016100305131986e-05,
  "$": 2.009776937734813e-05,
  "”": 1.9728906279179705e-05,
  "„": 1.5882191112566143e-05,
  "і": 1.5292010155496665e-05,
  "Z": 1.1434756043221144e-05,
  ";": 1.1308288695277684e-05,
  "Q": 9.453434258773608e-06,
  "*": 8.431156529563977e-06,
  "j": 7.693430333227129e-06,
  "Щ": 7.387800909030434e-06,
  "'": 6.049354809962153e-06,
  "−": 4.0891109168385285e-06,
  "Ы": 3.952104623233114e-06,
  "&": 3.5094689054310053e-06,
  "️": 3.298689992191906e-06,
  "€": 2.971982676671302e-06,
  "q": 2.8033595460800223e-06,
  "❗": 2.139405969376859e-06,
  "‑": 2.139405969376859e-06,
  "’": 2.0234775670953545e-06,
  "•": 1.9813217844475348e-06,
  "Ё": 1.8443154908421199e-06,
  "ä": 1.791620762532345e-06,
  "̆": 1.7494649798845252e-06,
  "<": 1.6862313059127953e-06,
  "І": 1.6229976319410656e-06,
  "ї": 1.5703029036312908e-06,
  "̶": 1.5070692296595609e-06,
  "Ü": 1.4965302839976058e-06,
  "▶": 1.443835555687831e-06,
  "₽": 1.4016797730400111e-06,
  "ü": 1.2541345337726416e-06,
  "ў": 1.1276671858291818e-06,
  " ": 1.085511403181362e-06,
  "є": 1.0433556205335422e-06,
  "İ": 1.0222777292096321e-06,
  ">": 9.801219465618123e-07,
  "Ь": 8.958103812661725e-07,
  "―": 8.852714356042176e-07,
  "ə": 8.009598703085778e-07,
  "é": 8.009598703085778e-07,
  "õ": 7.482651419988029e-07,
  "ī": 7.16648305012938e-07,
  "Ä": 7.061093593509831e-07,
  "⚡": 6.744925223651181e-07,
  "ö": 5.901809570694783e-07,
  "ĸ": 5.164083374357936e-07,
  "ā": 5.058693917738386e-07,
  "×": 4.953304461118837e-07,
  "қ": 4.5317466346406373e-07,
  "ı": 4.110188808162439e-07,
  "²": 3.58324152506469e-07,
  "~": 3.47785206844514e-07,
  "Є": 3.47785206844514e-07,
  "Ъ": 3.372462611825591e-07,
  "ë": 3.372462611825591e-07,
  "─": 2.7401258721082927e-07,
  "℃": 2.7401258721082927e-07,
  "‎": 2.7401258721082927e-07,
  "Š": 2.423957502249643e-07,
  "á": 2.423957502249643e-07,
  "͏": 2.213178589010544e-07,
  "⁠": 2.213178589010544e-07,
  "è": 2.1077891323909941e-07,
  "ң": 2.1077891323909941e-07,
  "ş": 2.1077891323909941e-07,
  "ғ": 2.1077891323909941e-07,
  "ó": 2.0023996757714444e-07,
  "Ö": 1.897010219151895e-07,
  "→": 1.791620762532345e-07,
  "º": 1.791620762532345e-07,
  "ç": 1.791620762532345e-07,
  "`": 1.6862313059127954e-07,
  "✅": 1.6862313059127954e-07,
  "š": 1.6862313059127954e-07,
  "″": 1.6862313059127954e-07,
  "ѕ": 1.5808418492932456e-07,
  "ұ": 1.5808418492932456e-07,
  "́": 1.5808418492932456e-07,
  "ү": 1.5808418492932456e-07,
  "£": 1.4754523926736958e-07,
  "í": 1.4754523926736958e-07,
  "ū": 1.4754523926736958e-07,
  "Ə": 1.3700629360541464e-07,
  "ž": 1.3700629360541464e-07,
  "ļ": 1.3700629360541464e-07,
  "ә": 1.3700629360541464e-07,
  "▪": 1.2646734794345966e-07,
  "Õ": 1.2646734794345966e-07,
  "Қ": 1.2646734794345966e-07,
  "ē": 1.2646734794345966e-07,
  "·": 1.1592840228150468e-07,
  "ğ": 1.1592840228150468e-07,
  "ʼ": 1.1592840228150468e-07,
  "ă": 1.1592840228150468e-07,
  "±": 1.0538945661954971e-07,
  "Ş": 1.0538945661954971e-07,
  "ņ": 1.0538945661954971e-07,
  "¼": 9.485051095759474e-08,
  "³": 9.485051095759474e-08,
  "ӑ": 9.485051095759474e-08,
  "ҳ": 9.485051095759474e-08,
  "½": 8.431156529563977e-08,
  "❌": 8.431156529563977e-08,
  "Ī": 8.431156529563977e-08,
  "α": 8.431156529563977e-08,
  "ө": 8.431156529563977e-08,
  "™": 7.377261963368479e-08,
  "É": 7.377261963368479e-08,
  "ҫ": 7.377261963368479e-08,
  "‘": 7.377261963368479e-08,
  "‒": 6.323367397172983e-08,
  "∙": 6.323367397172983e-08,
  "ӗ": 6.323367397172983e-08,
  "˚": 6.323367397172983e-08,
  "♦": 5.2694728309774854e-08,
  "ñ": 5.2694728309774854e-08,
  "✓": 5.2694728309774854e-08,
  "⁣": 5.2694728309774854e-08,
  "➡": 5.2694728309774854e-08,
  "β": 5.2694728309774854e-08,
  "η": 5.2694728309774854e-08,
  "λ": 5.2694728309774854e-08,
  "☼": 5.2694728309774854e-08,
  "❓": 5.2694728309774854e-08,