{
  "a": 0.11230524563933081,
  "e": 0.09031804590319333,
  "i": 0.08073580828007798,
  "n": 0.07034555990556544,
  "l": 0.06588771141736,
  "r": 0.06365350504381857,
  "─▒": 0.04556227373737544,
  "k": 0.039902839001924796,
  "d": 0.039757203147400756,
  "t": 0.033195682004933426,
  "m": 0.029923687080987457,
  "y": 0.029575397317176483,
  "s": 0.028382659412004723,
  "u": 0.028165378862491253,
  "o": 0.022014127225741788,
  "├╝": 0.01671725744148928,
  "b": 0.01627891305601506,
  "┼Ъ": 0.014140653307620354,
  "z": 0.013229573842655204,
  ".": 0.010556795672978797,
  "g": 0.010414767378482364,
  "v": 0.010139683173741528,
  "─Ъ": 0.010102997699420723,
  "├Д": 0.009514200488153522,
  "h": 0.009151077347151686,
  "c": 0.00867728790914266,
  ",": 0.008119666632096801,
  "p": 0.007999097634498081,
  "├Х": 0.0066845813204862575,
  "B": 0.005024638549619461,
  "f": 0.004623785912626943,
  "'": 0.004044353885844004,
  "A": 0.0037685771122726534,
  "K": 0.003026660168372579,
  " ": 0.0027960760952043156,
  "T": 0.002694723298440303,
  "M": 0.002559579344856142,
  "S": 0.002402686662624201,
  "─░": 0.002038488489407837,
  "РђЎ": 0.0019262820020163676,
  "2": 0.0018650568500292951,
  "E": 0.0018405791934523262,
  "D": 0.0017654509806138924,
  "0": 0.001752519583494894,
  "1": 0.001672905178530445,
  "G": 0.0015649781463006585,
  "\"": 0.0015228761635143432,
  "H": 0.0014731042393512916,
  "Y": 0.0014319532466009058,
  "P": 0.0013066086251261057,
  "C": 0.0010460993763707113,
  "O": 0.0009216850712354074,
  "3": 0.0009134155926621071,
  "F": 0.0009063038410890688,
  "5": 0.0008483658068348832,
  "4": 0.0008051681181376055,
  "j": 0.0007505792227056066,
  "R": 0.0007205713523327429,
  "├ќ": 0.0006372770294031751,
  "┼ъ": 0.0005988653014301949,
  "N": 0.0005952577414025927,
  "L": 0.0005941516986434137,
  "-": 0.0005728474544689487,
  "├Є": 0.0005441316901231633,
  "6": 0.0005344460633441852,
  "7": 0.0004953727770853411,
  "9": 0.0004868655510030583,
  "U": 0.00047237328980334945,
  "8": 0.00046519951714101134,
  "V": 0.0004108070218251283,
  "РђЮ": 0.0004054215239042664,
  "Рђю": 0.00039400964347311194,
  "├ю": 0.00035041915454360245,
  "(": 0.0003457262254532545,
  ")": 0.0003442170456136272,
  "?": 0.0002974221337369638,
  "Z": 0.00022864074570353815,
  "I": 0.00022694550259601157,
  ":": 0.00022661472345307954,
  "!": 0.00022392714291675695,
  ";": 0.00015909443090208217,
  "J": 0.0001466385288010485,
  "w": 0.00010576663095251151,
  "├б": 0.00010221075516599236,
  "Рђў": 9.183255955650042e-05,
  "W": 8.209524853643925e-05,
  "Рђд": 6.526685963977304e-05,
  "/": 6.210378408548565e-05,
  "x": 4.7621859733993405e-05,
  "%": 3.527966296334263e-05,
  "X": 3.416328335594708e-05,
  "├«": 2.059100164751788e-05,
  "+": 1.0223142886242562e-05,
  "q": 9.737311020061166e-06,
  "РђЊ": 9.59259514502841e-06,
  "Q": 9.447879269995654e-06,
  "├╗": 7.349499082020689e-06,
  "╠Д": 6.9980462426554235e-06,
  "├ё": 6.9980462426554235e-06,
  "╠ѕ": 6.3881721978745225e-06,
  "┬▒": 5.5818980369777385e-06,
  "─ъ": 5.5095400994613604e-06,
  "&": 5.137413563662844e-06,
  "┬░": 4.145076134866802e-06,
  "Рђб": 4.0210339562672966e-06,
  "╠є": 2.8736438042218726e-06,
  "┼И": 2.7496016256223674e-06,
  "├Е": 2.1810749737079683e-06,
  "╠Є": 2.0673696433250883e-06,
  "┬┤": 1.8813063754258304e-06,
  "├Ё": 1.7055799557431978e-06,
  "┬и": 1.1990743931285513e-06,
  "┘ј": 1.1163796073955477e-06,
  "├А": 1.0750322145290458e-06,
  "№ИЈ": 9.61326884146166e-07,
  "╔Ў": 9.406531877129152e-07,
  "`": 8.993057948464134e-07,
  "├Ф": 7.752636162469082e-07,
  "*": 7.132425269471554e-07,
  "пД": 6.408845894307773e-07,
  "┬е": 6.30547741214152e-07,
  "┬▓": 5.892003483476502e-07,
  "$": 5.685266519143993e-07,
  "├Г": 5.581898036977739e-07,
  "┘њ": 4.961687143980212e-07,
  "├ц": 4.858318661813958e-07,
  "л░": 4.858318661813958e-07,
  "┘ё": 4.5482132153151944e-07,
  "┘Ј": 4.0313708044839223e-07,
  "├│": 3.9280023223176676e-07,
  "РЃБ": 3.8246338401514134e-07,
  "├ф": 3.6178968758189045e-07,
  "лх": 3.6178968758189045e-07,
  "┘љ": 3.5145283936526503e-07,
  "─Є": 3.3077914293201413e-07,
  "Рѓ║": 3.1010544649876324e-07,
  "├▒": 3.1010544649876324e-07,
  "РЂа": 3.1010544649876324e-07,
  "Рѓг": 2.8943175006551235e-07,
  "┘ѕ": 2.7909490184888693e-07,
  "┘Ё": 2.5842120541563603e-07,
  "┘є": 2.480843571990106e-07,
  ">": 2.3774750898238514e-07,
  "├е": 2.3774750898238514e-07,
  "┘Љ": 2.2741066076575972e-07,
  "┬Б": 1.9640011611588338e-07,
  "Рђћ": 1.9640011611588338e-07,
  "├Б": 1.9640011611588338e-07,
  "┬И": 1.9640011611588338e-07,
  "┘і": 1.9640011611588338e-07,
  "Рќф": 1.8606326789925793e-07,
  "┼а": 1.7572641968263251e-07,
  "┼А": 1.7572641968263251e-07,
  "пф": 1.7572641968263251e-07,
  "├Ѕ": 1.5505272324938162e-07,
  "├Ќ": 1.4471587503275617e-07,
  "┘ђ": 1.4471587503275617e-07,
  "┬«": 1.3437902681613073e-07,
  "п╣": 1.3437902681613073e-07,
  "┬│": 1.240421785995053e-07,
  "├И": 1.240421785995053e-07,
  "╠ѓ": 1.240421785995053e-07,
  "├║": 1.1370533038287986e-07,
  "╚Ў": 1.1370533038287986e-07,
  "┘Ѓ": 1.1370533038287986e-07,
  "Рђ»": 1.1370533038287986e-07,
  "╬╣": 1.1370533038287986e-07,
  "Рёб": 1.0336848216625441e-07,
  "п»": 1.0336848216625441e-07,
  "п▒": 1.0336848216625441e-07,
  "┘Є": 9.303163394962897e-08,
  "┘Ђ": 9.303163394962897e-08,
  "Рђ│": 9.303163394962897e-08,
  "Рђ▓": 9.303163394962897e-08,
  "пе": 9.303163394962897e-08,
  "┼ѓ": 8.269478573300353e-08,
  "─Њ": 8.269478573300353e-08,
  "█ф": 8.269478573300353e-08,
  "РЌі": 7.235793751637809e-08,
  "├┤": 7.235793751637809e-08,
  "├а": 7.235793751637809e-08,
  "┼Й": 7.235793751637809e-08,
  "лЦ": 7.235793751637809e-08,
  "┘░": 7.235793751637809e-08,
  "РЮ▒": 6.202108929975265e-08,
  "┼Ї": 6.202108929975265e-08,
  "┘Ѕ": 6.202108929975265e-08,
  "п│": 6.202108929975265e-08,
  "─Ї": 6.202108929975265e-08,
  "РЮЌ": 6.202108929975265e-08,
  "пГ": 6.202108929975265e-08,
  "РЮЎ": 6.202108929975265e-08,
  "<": 5.168424108312721e-08,
  "РюЊ": 5.168424108312721e-08,
  "╩║": 5.168424108312721e-08,
  "Рђ║": 5.168424108312721e-08,
  "╦є": 5.168424108312721e-08,
  "№┤Й": 5.168424108312721e-08,
  "Рђј": 5.168424108312721e-08,
  "РЮї": 5.168424108312721e-08,
  "№Ѓе": 5.168424108312721e-08,
  "─Ў": 4.134739286650177e-08,
  "├▓": 4.134739286650177e-08,
  "Рѓѓ": 4.134739286650177e-08,
  "├Ђ": 4.134739286650177e-08,
  "├Џ": 4.134739286650177e-08,
  "пБ": 4.134739286650177e-08,
  "┘ѓ": 4.134739286650177e-08,
  "┼Ф": 4.134739286650177e-08,
  "─Ђ": 4.134739286650177e-08,
  "─Ѓ": 4.134739286650177e-08,
  "├ј": 4.134739286650177e-08,
  "├Ъ": 4.134739286650177e-08,
  "пг": 4.134739286650177e-08,
  "┘Њ": 4.134739286650177e-08,
  "№┤┐": 4.134739286650177e-08,
  "~": 3.101054464987633e-08,
  "┬╗": 3.101054464987633e-08,
  "┼Є": 3.101054464987633e-08,
  "┼г": 3.101054464987633e-08,
  "─Х": 3.101054464987633e-08,
  "лю": 3.101054464987633e-08,
  "п░": 3.101054464987633e-08,
  "РъА": 3.101054464987633e-08,
  "├»": 3.101054464987633e-08,
  "├д": 3.101054464987633e-08,
  "├Ц": 3.101054464987633e-08,
  "┬Ц": 3.101054464987633e-08,
  "█Ў": 3.101054464987633e-08,
  "пх": 3.101054464987633e-08,
  "пЕ": 3.101054464987633e-08,
  "Рюћ": 3.101054464987633e-08,
  "№╗┐": 3.101054464987633e-08,
  "┬Д": 2.0673696433250883e-08,
  "┼Њ": 2.0673696433250883e-08,
  "лб": 2.0673696433250883e-08,
  "пИ": 2.0673696433250883e-08,
  "╩╝": 2.0673696433250883e-08,
  "─и": 2.0673696433250883e-08,
  "Рђљ": 2.0673696433250883e-08,
  "╠Ђ": 2.0673696433250883e-08,
  "─Ф": 2.0673696433250883e-08,
  "─ї": 2.0673696433250883e-08,
  "нЂ": 2.0673696433250883e-08,
  "─Ю": 2.0673696433250883e-08,
  "Рђњ": 2.0673696433250883e-08,
  "├Њ": 2.0673696433250883e-08,
  "╬╝": 2.0673696433250883e-08,
  "н╣": 2.0673696433250883e-08,
  "НА": 2.0673696433250883e-08,
  "пи": 2.0673696433250883e-08,
  "█ю": 2.0673696433250883e-08,
  "┘І": 2.0673696433250883e-08,
  "РЁЊ": 2.0673696433250883e-08,
  "РюЁ": 2.0673696433250883e-08,
  "сђІ": 2.0673696433250883e-08,
  "┬Ф": 1.0336848216625442e-08,
  "├и": 1.0336848216625442e-08,